INSERT INTO tbl_dept(`codi_dept`,`nom_dept`) VALUES ("10001","Informatica");
INSERT INTO tbl_dept(`codi_dept`,`nom_dept`) VALUES ("10002","Administracio i finances");
INSERT INTO tbl_dept(`codi_dept`,`nom_dept`) VALUES ("10003","Esports");
INSERT INTO tbl_dept(`codi_dept`,`nom_dept`) VALUES ("10004","Gestio escola");

INSERT INTO tbl_classe(`codi_classe`,`nom_classe`,`tutor`) VALUES ("20001","ASIX1/DAW1","1");
INSERT INTO tbl_classe(`codi_classe`,`nom_classe`,`tutor`) VALUES ("20002","ASIX2","2");
INSERT INTO tbl_classe(`codi_classe`,`nom_classe`,`tutor`) VALUES ("20003","DAW2","3");
INSERT INTO tbl_classe(`codi_classe`,`nom_classe`,`tutor`) VALUES ("20004","AF1","4");
INSERT INTO tbl_classe(`codi_classe`,`nom_classe`,`tutor`) VALUES ("20005","AF2","5");
INSERT INTO tbl_classe(`codi_classe`,`nom_classe`,`tutor`) VALUES ("20006","AI1","6");
INSERT INTO tbl_classe(`codi_classe`,`nom_classe`,`tutor`) VALUES ("20007","AI2","7");
INSERT INTO tbl_classe(`codi_classe`,`nom_classe`,`tutor`) VALUES ("20008","EAS1","8");
INSERT INTO tbl_classe(`codi_classe`,`nom_classe`,`tutor`) VALUES ("20009","EAS2","9");
INSERT INTO tbl_classe(`codi_classe`,`nom_classe`,`tutor`) VALUES ("20010","EF1","10");
INSERT INTO tbl_classe(`codi_classe`,`nom_classe`,`tutor`) VALUES ("20011","EF2","11");
INSERT INTO tbl_classe(`codi_classe`,`nom_classe`,`tutor`) VALUES ("20012","GA1","12");
INSERT INTO tbl_classe(`codi_classe`,`nom_classe`,`tutor`) VALUES ("20013","GA2","13");
INSERT INTO tbl_classe(`codi_classe`,`nom_classe`,`tutor`) VALUES ("20014","HBD1","14");
INSERT INTO tbl_classe(`codi_classe`,`nom_classe`,`tutor`) VALUES ("20015","HBD2","15");
INSERT INTO tbl_classe(`codi_classe`,`nom_classe`,`tutor`) VALUES ("20016","SMX1","16");
INSERT INTO tbl_classe(`codi_classe`,`nom_classe`,`tutor`) VALUES ("20017","SMX2","17");
INSERT INTO tbl_classe(`codi_classe`,`nom_classe`,`tutor`) VALUES ("20018","GUIA1","18");
INSERT INTO tbl_classe(`codi_classe`,`nom_classe`,`tutor`) VALUES ("20019","GUIA2","19");



-- inserts alumnes

INSERT INTO tbl_alumne (`dni_alu`,`nom_alu`,`cognom1_alu`,`cognom2_alu`,`telf_alu`,`email_alu`,`classe`) Values 
("35418923G","Pol","Felix","Martinez","921053809","pofema10@jpg.com","20005"),
("80126787P","Pol","Sanchez","Rodriguez","934273956","posaro6@jpg.com","20019"),
("03877341R","Joan","Martinez","Martinez","625677379","jomama6@jpg.com","20005"),
("14796780Y","Joan","Sanchez","Lopez","891579208","josalo9@jpg.com","20019"),
("78007179B","Joel","Vicente","Velasco","981373252","jovive10@jpg.com","20008"),
("41431260A","Joan","Felix","Velasco","620079837","jofeve5@jpg.com","20012"),
("59751518W","Gerard","Martinez","Sanchez","652600287","gemasa6@jpg.com","20011"),
("39515060W","Kevin","Sanchez","Vicente","839275448","kesavi10@jpg.com","20010"),
("38424700A","Pol","Felix","Vicente","816253822","pofevi10@jpg.com","20019"),
("24663221E","Gerard","Gonzalo","Gonzalo","922468017","gegogo2@jpg.com","20012"),
("91418195A","Joan","Vicente","Felix","808562543","jovife3@jpg.com","20001"),
("48552794R","Kevin","Gonzalo","Velasco","748800642","kegove4@jpg.com","20008"),
("77768317G","Sergio","Rodriguez","Garcia","951670727","seroga6@jpg.com","20004"),
("95952424N","Sergio","Felix","Perez","728858840","sefepe2@jpg.com","20003"),
("20296770Y","Daniel","Lopez","Felix","880775289","dalofe10@jpg.com","20019"),
("20526104F","Raul","Felix","Velasco","957836058","rafeve9@jpg.com","20014"),
("91408916Q","Raul","Velasco","Garcia","659976594","ravega10@jpg.com","20012"),
("38874830T","Kevin","Sanchez","Perez","861326952","kesape8@jpg.com","20002"),
("35865963Q","Kevin","Perez","Lopez","616471874","kepelo6@jpg.com","20005"),
("89366824W","Sergio","Felix","Rodriguez","850294323","sefero8@jpg.com","20013"),
("90265147Z","Paco","Sanchez","Velasco","897071199","pasave4@jpg.com","20019"),
("07411493L","Paco","Rodriguez","Velasco","946583540","parove4@jpg.com","20001"),
("87817528D","Raul","Rodriguez","Sanchez","768084822","rarosa1@jpg.com","20006"),
("11887918T","Raul","Gonzalo","Garcia","682880411","ragoga6@jpg.com","20015"),
("49880357G","Sergio","Gonzalo","Sanchez","602344650","segosa9@jpg.com","20011"),
("15016181X","Gerard","Sanchez","Sanchez","872273620","gesasa9@jpg.com","20007"),
("62681152B","Joan","Garcia","Felix","768729697","jogafe1@jpg.com","20015"),
("33697697Y","Alex","Lopez","Velasco","724960471","allove1@jpg.com","20007"),
("23408220Q","Sergio","Felix","Gonzalo","768762408","sefego5@jpg.com","20019"),
("85521394B","Kevin","Garcia","Vicente","802182760","kegavi8@jpg.com","20016"),
("56443612W","Gerard","Rodriguez","Lopez","948830715","gerolo10@jpg.com","20018"),
("59497084V","Daniel","Lopez","Rodriguez","887827522","daloro2@jpg.com","20018"),
("07214751L","Raul","Vicente","Lopez","871701786","ravilo3@jpg.com","20016"),
("50866720N","Kevin","Garcia","Sanchez","862166652","kegasa6@jpg.com","20001"),
("46033552H","Raul","Gonzalo","Martinez","846805019","ragoma1@jpg.com","20009"),
("06210686L","Joan","Martinez","Velasco","807949497","jomave10@jpg.com","20013"),
("25331305W","Gerard","Lopez","Felix","637356014","gelofe5@jpg.com","20012"),
("88538326X","Kevin","Vicente","Gonzalo","813417171","kevigo7@jpg.com","20013"),
("76157091C","Daniel","Martinez","Velasco","751075102","damave10@jpg.com","20015"),
("56601974D","Alex","Perez","Felix","871289083","alpefe5@jpg.com","20001"),
("42531288X","Pol","Perez","Velasco","670506932","popeve1@jpg.com","20018"),
("29108992P","Joel","Felix","Lopez","872539905","jofelo10@jpg.com","20015"),
("01873319S","Alex","Lopez","Gonzalo","615842269","allogo5@jpg.com","20003"),
("89275586M","Gerard","Sanchez","Lopez","840230187","gesalo9@jpg.com","20002"),
("41594550Q","Alex","Velasco","Felix","679822951","alvefe10@jpg.com","20014"),
("07099018E","Kevin","Gonzalo","Garcia","931693857","kegoga8@jpg.com","20011"),
("87648944S","Sergio","Rodriguez","Lopez","747204053","serolo6@jpg.com","20018"),
("26999826B","Joel","Gonzalo","Martinez","987374879","jogoma9@jpg.com","20007"),


-- INSERTS PROFES

INSERT INTO tbl_professors (`nom_prof`, `cognom1_prof`,`cognom2_prof`,`email_prof`,`telf`,`dept`) VALUES  
("Paco","Gonzalo","Vicente","pagovi8@jpg.com","10010","3"),
("Sergio","Rodriguez","Rodriguez","seroro3@jpg.com","10015","2"),
("Paco","Vicente","Rodriguez","paviro3@jpg.com","10020","2"),
("Joan","Felix","Velasco","jofeve9@jpg.com","10025","1"),
("Paco","Velasco","Felix","pavefe1@jpg.com","10030","2"),
("Alex","Garcia","Lopez","algalo4@jpg.com","10035","2"),
("Joan","Velasco","Rodriguez","jovero9@jpg.com","10040","3"),
("Alex","Gonzalo","Rodriguez","algoro6@jpg.com","10045","3"),
("Joel","Felix","Garcia","jofega5@jpg.com","10050","2"),
("Daniel","Velasco","Garcia","davega9@jpg.com","10055","2"),
("Raul","Lopez","Felix","ralofe8@jpg.com","10060","3"),
("Joan","Perez","Martinez","jopema8@jpg.com","10065","2"),
("Kevin","Felix","Perez","kefepe8@jpg.com","10070","1"),
("Joan","Felix","Rodriguez","jofero4@jpg.com","10075","2"),
("Alex","Felix","Lopez","alfelo3@jpg.com","10080","2"),
("Paco","Rodriguez","Vicente","parovi5@jpg.com","10085","3"),
("Joan","Vicente","Velasco","jovive7@jpg.com","10090","2"),
("Sergio","Perez","Vicente","sepevi7@jpg.com","10095","3"),
("Sergio","Velasco","Perez","sevepe5@jpg.com","100100","2"),
("Joan","Garcia","Sanchez","jogasa6@jpg.com","100105","2"),
("Pol","Perez","Martinez","popema9@jpg.com","100110","2"),
("Gerard","Gonzalo","Lopez","gegolo8@jpg.com","100115","1"),
("Paco","Gonzalo","Lopez","pagolo9@jpg.com","100120","2"),
("Raul","Sanchez","Rodriguez","rasaro2@jpg.com","100125","2"),
("Joel","Garcia","Rodriguez","jogaro5@jpg.com","100130","4"),
("Joel","Perez","Vicente","jopevi3@jpg.com","100135","4"),
